City_ID,City,Lat,Lng,Max Temp,Humidity,Cloudiness,Wind Speed,Country,Date
0,Mwinilunga,-11.7358,24.4293,80.46,19,81,6.46,ZM,2021-08-03 14:01:13
1,Ponta Do Sol,32.6667,-17.1,78.71,66,2,2.91,PT,2021-08-03 14:01:13
2,Magadan,59.5667,150.8,48.33,59,1,7.65,RU,2021-08-03 14:01:14
3,Kapaa,22.0752,-159.319,76.12,80,49,3.0,US,2021-08-03 14:01:14
4,Isangel,-19.55,169.2667,67.87,75,0,7.72,VU,2021-08-03 14:01:15
5,Saint George,37.1041,-113.5841,83.35,41,0,3.0,US,2021-08-03 13:58:22
6,Victoria,22.2855,114.1577,84.33,89,41,1.01,HK,2021-08-03 13:57:28
7,Leningradskiy,69.3833,178.4167,33.89,97,100,2.62,RU,2021-08-03 14:01:16
8,Spring Hill,28.4769,-82.5255,77.11,95,100,1.01,US,2021-08-03 13:57:26
9,Nebyliv,48.8153,24.2166,72.9,61,90,2.77,UA,2021-08-03 14:01:17
10,Takoradi,4.8845,-1.7554,80.64,75,100,13.06,GH,2021-08-03 14:01:17
11,Makaleng,-20.9,27.2833,74.86,20,0,11.25,BW,2021-08-03 14:01:18
12,Georgetown,5.4112,100.3354,85.89,75,20,1.01,MY,2021-08-03 14:00:20
13,Iqaluit,63.7506,-68.5145,40.73,100,90,8.99,CA,2021-08-03 14:01:18
14,Port Alfred,-33.5906,26.891,77.2,36,0,5.37,ZA,2021-08-03 14:01:19
15,Bluff,-46.6,168.3333,36.81,80,16,3.6,NZ,2021-08-03 14:01:19
16,Geraldton,-28.7667,114.6,50.13,81,4,8.05,AU,2021-08-03 14:01:20
17,Yellowknife,62.456,-114.3525,68.32,54,19,1.01,CA,2021-08-03 14:01:20
18,Cabo San Lucas,22.8909,-109.9124,87.8,63,99,9.42,MX,2021-08-03 14:01:13
19,Hithadhoo,-0.6,73.0833,82.62,72,80,6.69,MV,2021-08-03 14:01:21
20,Sao Filipe,14.8961,-24.4956,76.8,82,81,6.76,CV,2021-08-03 14:01:21
21,Karachi,24.9056,67.0822,84.02,70,75,17.27,PK,2021-08-03 13:58:48
22,Barrow,71.2906,-156.7887,46.42,92,1,13.8,US,2021-08-03 14:01:22
23,Luderitz,-26.6481,15.1594,63.68,73,0,10.13,NA,2021-08-03 14:01:22
24,Mangan,27.5167,88.5333,77.56,93,100,2.82,IN,2021-08-03 14:01:23
25,Ardakan,32.31,54.0175,100.78,10,63,17.81,IR,2021-08-03 14:01:23
26,Zhanaozen,43.3,52.8,101.8,8,33,4.32,KZ,2021-08-03 14:01:24
27,Bambous Virieux,-20.3428,57.7575,71.22,60,0,14.0,MU,2021-08-03 14:01:24
28,Atuona,-9.8,-139.0333,76.55,77,82,20.85,PF,2021-08-03 14:01:25
29,Turayf,31.6725,38.6637,98.13,9,0,5.66,SA,2021-08-03 14:01:26
30,Rio De Jesus,7.9844,-81.1631,79.36,84,100,3.09,PA,2021-08-03 14:01:26
31,Vila Franca Do Campo,37.7167,-25.4333,77.41,66,33,3.29,PT,2021-08-03 14:01:27
32,Severo-Kurilsk,50.6789,156.125,50.95,89,100,13.42,RU,2021-08-03 14:01:27
33,Saskylakh,71.9167,114.0833,62.08,64,99,9.75,RU,2021-08-03 14:01:28
34,Faanui,-16.4833,-151.75,78.6,76,82,11.05,PF,2021-08-03 14:01:28
35,Ust-Kuyga,70.0167,135.6,54.01,46,82,5.37,RU,2021-08-03 14:01:29
36,Mahuta,-10.8667,39.45,78.76,40,74,6.53,TZ,2021-08-03 14:01:30
37,Punta Arenas,-53.15,-70.9167,39.11,70,97,22.39,CL,2021-08-03 14:01:31
38,Nouadhibou,20.931,-17.0347,69.66,88,42,11.63,MR,2021-08-03 14:01:31
39,Bathsheba,13.2167,-59.5167,83.26,67,16,12.06,BB,2021-08-03 14:01:32
40,Butaritari,3.0707,172.7902,80.4,77,100,9.04,KI,2021-08-03 14:01:33
41,Thompson,55.7435,-97.8558,72.25,46,1,7.67,CA,2021-08-03 14:00:02
42,Akyab,20.15,92.9,80.15,86,65,7.4,MM,2021-08-03 14:01:34
43,Zhezkazgan,47.8043,67.7144,91.4,18,4,17.54,KZ,2021-08-03 14:01:35
44,Mataura,-46.1927,168.8643,36.48,98,16,2.24,NZ,2021-08-03 14:01:36
45,Busselton,-33.65,115.3333,51.08,74,86,4.34,AU,2021-08-03 14:01:36
46,Maamba,-17.3667,27.15,78.3,26,0,9.84,ZM,2021-08-03 14:01:37
47,Hobart,-42.8794,147.3294,47.26,85,75,6.91,AU,2021-08-03 14:00:26
48,Castro,-24.7911,-50.0119,54.21,71,89,7.45,BR,2021-08-03 14:01:28
49,Rikitea,-23.1203,-134.9692,69.58,58,100,17.2,PF,2021-08-03 14:01:38
50,Porto Novo,6.4965,2.6036,84.25,69,96,9.31,BJ,2021-08-03 14:01:39
51,Puerto Ayora,-0.7393,-90.3518,71.64,84,77,10.04,EC,2021-08-03 14:01:39
52,Mao,39.8885,4.2658,82.96,44,20,10.36,ES,2021-08-03 14:01:40
53,Jalu,29.0331,21.5482,108.59,11,0,15.7,LY,2021-08-03 14:01:40
54,Zhigansk,66.7697,123.3711,65.89,54,6,6.87,RU,2021-08-03 14:01:41
55,Los Llanos De Aridane,28.6585,-17.9182,73.13,80,75,13.8,ES,2021-08-03 14:01:41
56,Saint-Philippe,-21.3585,55.7679,74.75,59,3,9.19,RE,2021-08-03 14:01:42
57,Mitsamiouli,-11.3847,43.2844,76.59,67,5,13.56,KM,2021-08-03 14:01:43
58,Avera,33.194,-82.5271,75.88,80,100,10.2,US,2021-08-03 14:01:43
59,Plettenberg Bay,-34.0527,23.3716,72.23,41,0,6.71,ZA,2021-08-03 14:01:43
60,Belmonte,-15.8631,-38.8828,75.7,74,99,5.75,BR,2021-08-03 14:01:44
61,Port Hardy,50.6996,-127.4199,55.0,85,87,3.49,CA,2021-08-03 14:01:44
62,Port Macquarie,-31.4333,152.9167,58.96,52,0,10.65,AU,2021-08-03 13:58:04
63,Comodoro Rivadavia,-45.8667,-67.5,48.74,54,31,5.41,AR,2021-08-03 14:00:01
64,Nikolskoye,59.7035,30.7861,67.39,80,32,10.8,RU,2021-08-03 14:01:45
65,Viedma,-40.8135,-62.9967,58.87,49,98,11.54,AR,2021-08-03 14:01:46
66,Airai,-8.9266,125.4092,57.25,77,66,2.84,TL,2021-08-03 14:01:46
67,Port Elizabeth,-33.918,25.5701,86.09,25,0,7.27,ZA,2021-08-03 14:01:47
68,Albany,42.6001,-73.9662,69.62,69,53,1.43,US,2021-08-03 13:57:57
69,Obidos,-1.9175,-55.5181,86.29,57,83,2.62,BR,2021-08-03 14:01:47
70,San Patricio,28.017,-97.5169,82.24,74,100,4.94,US,2021-08-03 14:01:48
71,Lagoa,39.05,-27.9833,72.09,84,1,9.06,PT,2021-08-03 14:01:48
72,Bibiani,6.4635,-2.3194,88.27,48,100,3.56,GH,2021-08-03 14:00:10
73,Uong Bi,21.0333,106.7833,87.78,80,76,0.2,VN,2021-08-03 14:01:49
74,Nome,64.5011,-165.4064,61.16,89,12,4.45,US,2021-08-03 14:00:03
75,Carnarvon,-24.8667,113.6333,63.16,39,0,16.02,AU,2021-08-03 14:01:50
76,Grindavik,63.8424,-22.4338,61.56,88,75,11.5,IS,2021-08-03 14:01:51
77,Saint-Georges,12.0564,-61.7485,83.88,74,20,5.75,GD,2021-08-03 13:59:05
78,Ancud,-41.8697,-73.8203,44.42,74,88,5.01,CL,2021-08-03 14:01:52
79,Pagegiai,55.1381,21.9089,67.39,47,2,13.51,LT,2021-08-03 14:01:52
80,Itarema,-2.9248,-39.9167,88.32,44,75,8.01,BR,2021-08-03 14:01:53
81,Seydi,39.4816,62.9137,103.21,9,0,15.97,TM,2021-08-03 14:01:53
82,Aklavik,68.2191,-135.0107,43.52,85,100,6.55,CA,2021-08-03 14:01:53
83,New Norfolk,-42.7826,147.0587,46.92,79,100,1.99,AU,2021-08-03 14:01:54
84,Laborie,13.75,-60.9833,82.24,70,18,11.21,LC,2021-08-03 14:01:55
85,Maceio,-9.6658,-35.7353,76.44,78,75,5.75,BR,2021-08-03 13:59:55
86,Ushuaia,-54.8,-68.3,37.06,70,20,4.61,AR,2021-08-03 13:58:59
87,Vaini,-21.2,-175.2,71.53,62,61,14.81,TO,2021-08-03 14:01:56
88,Yenagoa,4.9247,6.2642,84.31,69,96,5.88,NG,2021-08-03 14:01:56
89,Turinskaya Sloboda,57.6232,64.3858,70.52,66,100,4.14,RU,2021-08-03 14:01:57
90,Tingi,-11.3,35.0333,69.13,48,68,4.79,TZ,2021-08-03 14:01:57
91,Kasongo-Lunda,-6.4667,16.8167,98.87,12,1,3.06,CD,2021-08-03 14:01:58
92,Aswan,24.0934,32.907,108.0,9,1,4.41,EG,2021-08-03 14:01:58
93,Ixtapa,20.7,-105.2,80.22,89,80,2.37,MX,2021-08-03 14:01:59
94,Hamilton,39.1834,-84.5333,73.83,70,94,1.01,US,2021-08-03 13:59:20
95,Fort Nelson,58.8053,-122.7002,64.26,78,1,3.36,CA,2021-08-03 14:00:06
96,Omboue,-1.5746,9.2618,79.25,72,92,9.24,GA,2021-08-03 14:01:59
97,Lamar,33.6668,-95.5836,77.52,94,62,4.21,US,2021-08-03 14:02:00
98,Ilulissat,69.2167,-51.1,46.42,76,40,5.75,GL,2021-08-03 14:02:01
99,Codrington,-38.2667,141.9667,48.74,84,97,13.15,AU,2021-08-03 14:02:02
100,Lebu,-37.6167,-73.65,53.02,84,7,18.34,CL,2021-08-03 14:02:02
101,Saint-Augustin,51.226,-58.6502,70.29,47,10,9.98,CA,2021-08-03 14:02:03
102,Marawi,7.9986,124.2928,70.65,91,100,6.22,PH,2021-08-03 14:02:03
103,Korla,41.7597,86.1469,86.47,17,7,9.89,CN,2021-08-03 14:02:04
104,Kerema,-7.9631,145.7785,77.36,87,100,4.07,PG,2021-08-03 14:02:05
105,Sidney,-33.8679,151.2073,53.06,61,0,14.0,AU,2021-08-03 13:58:37
106,Faro,37.0194,-7.9322,78.58,61,20,8.05,PT,2021-08-03 14:02:05
107,East London,-33.0153,27.9116,72.81,53,0,14.07,ZA,2021-08-03 14:01:04
108,Salalah,17.0151,54.0924,75.81,94,100,6.02,OM,2021-08-03 14:00:21
109,Vao,-22.6667,167.4833,69.37,63,100,4.34,NC,2021-08-03 14:02:06
110,Mlonggo,-6.5333,110.7,78.91,81,69,6.55,ID,2021-08-03 14:02:07
111,Mahebourg,-20.4081,57.7,71.26,60,0,13.98,MU,2021-08-03 14:02:07
112,Bayan,46.0833,127.4,65.84,95,85,4.68,CN,2021-08-03 14:02:08
113,Opuwo,-18.0607,13.84,83.05,15,0,12.88,NA,2021-08-03 14:02:08
114,Arraial Do Cabo,-22.9661,-42.0278,68.63,75,95,15.79,BR,2021-08-03 14:02:09
115,Timmins,48.4669,-81.3331,62.42,94,90,3.44,CA,2021-08-03 14:02:09
116,Mar Del Plata,-38.0023,-57.5575,52.23,62,0,1.01,AR,2021-08-03 13:57:50
117,Mehamn,71.0357,27.8492,49.48,76,100,8.41,NO,2021-08-03 14:02:10
118,Kodiak,57.79,-152.4072,50.99,84,88,3.85,US,2021-08-03 14:01:01
119,Jamestown,42.097,-79.2353,69.71,68,1,6.91,US,2021-08-03 14:02:11
120,Alta Floresta,-9.8756,-56.0861,88.92,26,2,5.08,BR,2021-08-03 14:02:11
121,Upernavik,72.7868,-56.1549,42.08,94,100,9.48,GL,2021-08-03 14:02:12
122,Padang,-0.9492,100.3543,80.65,88,99,1.63,ID,2021-08-03 14:02:12
123,Bahia Blanca,-38.7196,-62.2724,56.91,40,1,7.38,AR,2021-08-03 14:02:12
124,Sakaraha,-22.9,44.5333,75.6,28,0,7.29,MG,2021-08-03 14:02:13
125,Namibe,-15.1961,12.1522,75.42,62,0,10.49,AO,2021-08-03 14:02:13
126,Cape Town,-33.9258,18.4232,68.27,61,0,1.99,ZA,2021-08-03 14:01:14
127,Tyrma,50.0833,132.1667,68.74,98,100,3.65,RU,2021-08-03 14:02:14
128,Krasnoselkup,65.7,82.4667,62.38,90,99,7.83,RU,2021-08-03 14:02:15
129,Inhambane,-23.865,35.3833,71.04,57,24,12.24,MZ,2021-08-03 14:02:15
130,Acapulco,16.8634,-99.8901,80.29,84,99,4.72,MX,2021-08-03 14:02:15
131,Navahrudak,53.6,25.8333,66.43,59,52,12.48,BY,2021-08-03 14:02:16
132,Kamenka,51.3223,42.7678,88.92,31,56,13.96,RU,2021-08-03 14:02:16
133,Katherine,-14.4667,132.2667,73.72,56,99,3.44,AU,2021-08-03 14:02:17
134,Bulawayo,-20.15,28.5833,70.57,18,3,9.33,ZW,2021-08-03 14:02:17
135,Grand Gaube,-20.0064,57.6608,71.38,56,0,5.01,MU,2021-08-03 14:02:18
136,Muros,42.7762,-9.0603,76.15,77,100,4.9,ES,2021-08-03 14:02:18
137,Birao,10.2849,22.7882,81.54,71,90,7.56,CF,2021-08-03 14:02:19
138,Acarau,-2.8856,-40.12,87.75,46,66,6.55,BR,2021-08-03 14:02:19
139,Poum,-20.2333,164.0167,68.49,68,8,5.21,NC,2021-08-03 14:02:19
140,Virginia Beach,36.8529,-75.978,77.02,79,100,15.75,US,2021-08-03 14:00:54
141,Cap-Aux-Meules,47.3821,-61.8597,62.44,83,0,21.36,CA,2021-08-03 14:02:20
142,Yulara,-25.2406,130.9889,48.42,43,0,10.22,AU,2021-08-03 14:02:21
143,Bredasdorp,-34.5322,20.0403,58.28,66,0,9.37,ZA,2021-08-03 14:02:21
144,Yeppoon,-23.1333,150.7333,67.78,88,28,4.5,AU,2021-08-03 14:02:21
145,Pangnirtung,66.1451,-65.7125,48.94,79,100,3.78,CA,2021-08-03 14:02:22
146,Verkhniy Mamon,50.1635,40.3832,74.97,73,100,4.27,RU,2021-08-03 14:02:22
147,Pevek,69.7008,170.3133,34.02,91,100,7.09,RU,2021-08-03 14:02:23
148,Hermanus,-34.4187,19.2345,66.9,82,0,7.34,ZA,2021-08-03 14:02:23
149,Kalikino,52.9493,39.8269,73.72,55,64,9.35,RU,2021-08-03 14:02:24
150,Evensk,61.95,159.2333,44.58,77,100,9.06,RU,2021-08-03 14:02:24
151,Svetlyy,54.675,20.1347,66.25,50,35,8.1,RU,2021-08-03 14:02:25
152,Esperance,-33.8667,121.9,54.3,69,17,6.87,AU,2021-08-03 14:02:25
153,Khatanga,71.9667,102.5,72.19,52,100,13.18,RU,2021-08-03 14:02:26
154,Katsuura,35.1333,140.3,82.51,89,22,10.11,JP,2021-08-03 14:02:26
155,Bethel,41.3712,-73.414,71.42,77,100,1.79,US,2021-08-03 14:02:26
156,George,-33.963,22.4617,66.79,51,0,7.34,ZA,2021-08-03 14:02:27
157,Allapalli,19.4167,80.0667,76.71,88,87,2.64,IN,2021-08-03 14:02:27
158,Sfantu Gheorghe,45.8667,25.7833,79.57,52,77,1.99,RO,2021-08-03 14:00:37
159,Borogontsy,62.6683,131.1683,58.5,65,73,3.83,RU,2021-08-03 14:02:28
160,Muisne,0.6,-80.0333,77.83,77,97,5.26,EC,2021-08-03 14:02:28
161,Lata,40.1629,-8.3327,87.04,47,84,11.03,PT,2021-08-03 14:02:29
162,Khuzdar,27.7384,66.6434,95.11,7,5,15.66,PK,2021-08-03 14:02:29
163,Tiksi,71.6872,128.8694,43.3,79,2,10.6,RU,2021-08-03 14:02:30
164,Presidencia Roque Saenz Pena,-26.7852,-60.4388,61.56,39,100,6.31,AR,2021-08-03 14:02:31
165,Pozo Colorado,-23.4923,-58.7972,67.48,34,45,6.15,PY,2021-08-03 14:02:31
166,Guayaramerin,-10.8368,-65.3614,83.39,27,5,5.86,BO,2021-08-03 14:02:32
167,Hilo,19.7297,-155.09,70.79,93,45,1.01,US,2021-08-03 14:02:33
168,Bilibino,68.0546,166.4372,31.69,96,100,5.5,RU,2021-08-03 14:02:33
169,Baghmara,23.795,86.2085,84.25,75,99,4.65,IN,2021-08-03 14:02:34
170,Faya,18.3851,42.4509,74.61,49,46,9.89,SA,2021-08-03 14:02:34
171,Sunyani,7.3399,-2.3268,89.29,45,66,4.59,GH,2021-08-03 14:02:35
172,Jacqueville,5.2052,-4.4146,82.31,79,86,12.12,CI,2021-08-03 14:02:36
173,Kota,25.1833,75.8333,76.06,94,100,23.8,IN,2021-08-03 14:00:16
174,Batticaloa,7.7102,81.6924,83.88,70,100,3.47,LK,2021-08-03 14:02:36
175,Cidreira,-30.1811,-50.2056,59.5,73,70,5.48,BR,2021-08-03 14:02:37
176,Carndonagh,55.25,-7.2667,69.42,71,96,5.32,IE,2021-08-03 14:02:38
177,Omsukchan,62.5333,155.8,36.39,99,100,5.32,RU,2021-08-03 14:00:02
178,Kahului,20.8947,-156.47,73.85,90,29,5.99,US,2021-08-03 14:02:39
179,Bengkulu,-3.8004,102.2655,77.02,89,85,4.12,ID,2021-08-03 14:02:39
180,Tessalit,20.1986,1.0114,105.31,19,36,16.69,ML,2021-08-03 14:02:40
181,Qaanaaq,77.484,-69.3632,44.44,68,100,5.79,GL,2021-08-03 14:02:41
182,Sibolga,1.7427,98.7792,78.08,89,97,2.95,ID,2021-08-03 14:02:42
183,Diamantino,-14.4086,-56.4461,84.34,27,17,7.63,BR,2021-08-03 14:02:43
184,Provideniya,64.3833,-173.3,48.4,99,100,10.47,RU,2021-08-03 14:02:44
185,Kruisfontein,-34.0033,24.7314,83.88,18,0,9.19,ZA,2021-08-03 13:58:32
186,San Cristobal,7.7669,-72.225,73.06,69,98,6.31,VE,2021-08-03 14:02:45
187,Soc Trang,9.6033,105.98,80.56,81,100,8.21,VN,2021-08-03 14:02:45
188,Bayangol,50.6977,103.4656,52.72,75,100,4.16,RU,2021-08-03 14:02:46
189,Chuy,-33.6971,-53.4616,55.89,74,0,2.17,UY,2021-08-03 14:02:47
190,High Prairie,55.4334,-116.4858,64.0,77,62,5.37,CA,2021-08-03 14:02:47
191,Orange Cove,36.6244,-119.3137,72.48,28,0,2.01,US,2021-08-03 14:02:48
192,Seymchan,62.8833,152.4333,46.4,65,100,7.87,RU,2021-08-03 14:02:49
193,Ondangwa,-17.9167,15.95,83.43,15,0,6.6,NA,2021-08-03 14:02:50
194,Broome,42.2506,-75.833,69.58,74,1,1.99,US,2021-08-03 14:02:50
195,Axim,4.8699,-2.2405,79.93,75,100,10.38,GH,2021-08-03 14:02:51
196,Portland,45.5234,-122.6762,67.75,80,0,1.36,US,2021-08-03 14:00:48
197,Kutum,14.2,24.6667,89.49,30,41,14.79,SD,2021-08-03 14:02:52
198,Lompoc,34.6391,-120.4579,57.63,88,90,8.05,US,2021-08-03 14:02:53
199,Ribeira Grande,38.5167,-28.7,77.4,73,20,6.91,PT,2021-08-03 14:02:54
200,Beitbridge,-22.2167,30.0,72.14,44,46,16.37,ZW,2021-08-03 14:02:54
201,Kyaukse,21.6,96.1333,77.7,88,90,7.74,MM,2021-08-03 14:02:55
202,Wundanyi,-3.4019,38.364,68.31,52,98,15.05,KE,2021-08-03 14:02:56
203,Korem,12.5058,39.5228,66.67,51,98,0.92,ET,2021-08-03 14:02:57
204,Lasa,46.6166,10.7002,65.14,74,100,3.47,IT,2021-08-03 14:02:58
205,Puerto Escondido,15.85,-97.0667,81.72,72,100,2.71,MX,2021-08-03 14:02:58
206,Vengerovo,55.6848,76.7471,65.52,77,79,6.67,RU,2021-08-03 14:02:59
207,Chapais,49.7834,-74.8492,49.78,66,85,11.21,CA,2021-08-03 14:03:00
208,Misantla,19.9333,-96.8333,77.97,68,94,0.89,MX,2021-08-03 14:03:00
209,Kipushi,-11.7667,27.2333,78.49,22,3,3.69,CD,2021-08-03 14:03:00
210,Taganak,6.0833,118.3,83.46,74,84,6.33,PH,2021-08-03 14:03:01
211,Cadillac,44.2519,-85.4012,66.54,82,1,5.75,US,2021-08-03 14:00:37
212,Dzaoudzi,-12.7887,45.2699,80.49,65,0,6.91,YT,2021-08-03 14:03:02
213,Pisco,-13.7,-76.2167,63.01,85,36,3.0,PE,2021-08-03 14:03:03
214,Port Hawkesbury,45.6169,-61.3485,70.92,75,0,5.01,CA,2021-08-03 14:03:03
215,Brindisi,40.5833,17.6667,97.45,24,97,9.93,IT,2021-08-03 14:03:04
216,Ogembo,-0.7984,34.7253,71.02,56,84,0.36,KE,2021-08-03 14:03:04
217,Marsh Harbour,26.5412,-77.0636,83.32,72,100,13.71,BS,2021-08-03 14:03:05
218,Saravena,6.9538,-71.8752,74.62,89,100,1.66,CO,2021-08-03 14:03:05
219,Clyde River,70.4692,-68.5914,37.63,100,90,9.22,CA,2021-08-03 14:03:06
220,Revda,56.801,59.9303,79.61,65,89,4.47,RU,2021-08-03 14:03:06
221,Corner Brook,48.9667,-57.9484,63.21,70,64,11.88,CA,2021-08-03 14:00:07
222,Norman Wells,65.282,-126.8329,54.91,87,100,4.03,CA,2021-08-03 14:03:07
223,Wynyard,-41.0,145.7167,45.43,90,100,8.1,AU,2021-08-03 14:03:07
224,Tuktoyaktuk,69.4541,-133.0374,41.0,93,90,4.61,CA,2021-08-03 14:03:08
225,Chokurdakh,70.6333,147.9167,36.86,72,78,8.05,RU,2021-08-03 14:03:08
226,Altay,47.8667,88.1167,72.09,31,0,6.87,CN,2021-08-03 14:03:09
227,Bichura,50.5881,107.6022,57.07,91,56,3.09,RU,2021-08-03 14:03:09
228,Pattani,6.75,100.4167,83.91,88,98,2.37,TH,2021-08-03 14:03:10
229,Tasiilaq,65.6145,-37.6368,48.36,82,100,4.27,GL,2021-08-03 14:03:10
230,Avarua,-21.2078,-159.775,69.85,88,25,3.44,CK,2021-08-03 14:03:10
231,Paita,-5.0892,-81.1144,66.58,78,29,11.72,PE,2021-08-03 14:03:11
232,Eregli,37.5133,34.0467,92.8,11,0,9.93,TR,2021-08-03 14:03:11
233,Longyearbyen,78.2186,15.6401,46.24,66,75,23.02,SJ,2021-08-03 14:03:12
234,Okhotsk,59.3833,143.3,52.57,81,71,9.35,RU,2021-08-03 14:03:12
235,Banjar,-8.19,114.9675,80.46,91,46,4.59,ID,2021-08-03 14:03:13
236,Sobolevo,54.4299,31.8996,68.14,49,81,12.77,RU,2021-08-03 14:03:13
237,Bogo,11.0517,124.0055,82.38,75,100,10.13,PH,2021-08-03 14:03:14
238,Katobu,-4.9408,122.5276,73.94,94,91,4.21,ID,2021-08-03 14:03:14
239,Nemuro,43.3236,145.575,66.36,98,100,11.45,JP,2021-08-03 14:02:59
240,Huilong,31.8111,121.655,81.99,92,82,13.65,CN,2021-08-03 14:03:15
241,Baykit,61.67,96.37,66.85,64,80,3.11,RU,2021-08-03 14:03:15
242,Nanortalik,60.1432,-45.2371,45.32,93,100,10.89,GL,2021-08-03 14:03:16
243,Sao Joao Da Barra,-21.6403,-41.0511,70.63,67,0,5.75,BR,2021-08-03 14:03:16
244,Kaitong,44.8135,123.15,63.43,91,100,4.85,CN,2021-08-03 14:03:17
245,Dikson,73.5069,80.5464,50.25,81,100,4.45,RU,2021-08-03 14:03:17
246,Ponta Delgada,37.7333,-25.6667,77.72,69,20,11.5,PT,2021-08-03 14:03:18
247,Ahipara,-35.1667,173.1667,53.62,69,9,14.9,NZ,2021-08-03 14:03:18
248,Doka,13.5167,35.7667,77.36,75,100,9.51,SD,2021-08-03 14:03:18
249,Narsaq,60.9167,-46.05,46.13,94,100,2.06,GL,2021-08-03 14:03:19
250,Cabedelo,-6.9811,-34.8339,79.12,73,85,15.55,BR,2021-08-03 14:03:19
251,Nyurba,63.2842,118.3319,68.77,60,93,3.51,RU,2021-08-03 14:03:20
252,Quang Ngai,15.1167,108.8,80.89,76,100,5.1,VN,2021-08-03 14:03:20
253,Amahai,-3.3333,128.9167,78.08,87,67,5.5,ID,2021-08-03 14:03:21
254,Port Hedland,-20.3167,118.5667,62.65,23,95,8.05,AU,2021-08-03 14:03:22
255,Ilam,26.9167,87.9167,72.27,93,100,2.06,NP,2021-08-03 14:03:22
256,Saint Anthony,45.0205,-93.218,71.53,70,1,1.99,US,2021-08-03 14:00:07
257,Matara,5.9485,80.5353,79.66,84,100,12.03,LK,2021-08-03 14:03:23
258,Copiapo,-27.3667,-70.3333,49.69,35,5,0.83,CL,2021-08-03 13:59:05
259,Yar-Sale,66.8333,70.8333,68.94,64,100,5.91,RU,2021-08-03 14:03:23
260,Chabahar,25.2919,60.643,82.94,80,0,11.14,IR,2021-08-03 14:03:24
261,Taoudenni,22.6783,-3.9836,112.64,13,0,7.9,ML,2021-08-03 14:03:24
262,Pemba,-12.974,40.5178,77.7,57,40,12.66,MZ,2021-08-03 14:03:25
263,Cap Malheureux,-19.9842,57.6142,71.47,56,0,5.01,MU,2021-08-03 14:03:25
264,Vieste,41.8825,16.175,88.3,55,100,6.6,IT,2021-08-03 14:03:26
265,Alugan,12.2188,125.4808,84.06,68,100,9.37,PH,2021-08-03 14:03:26
266,Takaka,-40.85,172.8,47.55,68,41,4.85,NZ,2021-08-03 14:03:27
267,Pouembout,-21.1333,164.9,61.54,84,0,4.29,NC,2021-08-03 14:03:27
268,Zyryanka,65.75,150.85,43.09,63,68,10.47,RU,2021-08-03 14:03:28
269,Verkhnevilyuysk,63.4453,120.3167,65.5,63,50,4.09,RU,2021-08-03 14:03:28
270,Nipawin,53.3668,-104.0009,64.44,77,1,3.44,CA,2021-08-03 14:00:04
271,Channahon,41.4295,-88.2287,74.37,74,1,1.01,US,2021-08-03 14:03:29
272,Buin,-33.7333,-70.75,62.94,27,0,1.77,CL,2021-08-03 14:03:29
273,Flinders,-34.5833,150.8552,53.26,65,19,8.01,AU,2021-08-03 14:03:30
274,Apt,43.8833,5.4,82.8,27,100,11.32,FR,2021-08-03 14:03:30
275,Dharchula,29.85,80.5333,75.6,91,98,0.98,IN,2021-08-03 14:03:31
276,Charters Towers,-20.1,146.2667,62.53,71,12,11.07,AU,2021-08-03 14:03:31
277,Lusambo,-4.9667,23.45,99.63,16,25,2.55,CD,2021-08-03 13:59:15
278,Ulladulla,-35.35,150.4667,53.1,58,14,15.48,AU,2021-08-03 14:03:32
279,Riyadh,24.6877,46.7219,111.34,6,91,5.68,SA,2021-08-03 13:59:18
280,Mogadishu,2.0371,45.3438,77.68,82,100,18.34,SO,2021-08-03 14:03:32
281,Souillac,-20.5167,57.5167,71.37,61,0,12.39,MU,2021-08-03 14:03:33
282,Ena,35.4498,137.4128,79.0,96,100,1.5,JP,2021-08-03 14:03:34
283,Westport,41.1415,-73.3579,73.94,71,1,1.01,US,2021-08-03 14:03:34
284,Mahibadhoo,3.7833,72.9667,83.21,70,100,3.0,MV,2021-08-03 14:03:34
285,Cayenne,4.9333,-52.3333,86.04,80,75,2.3,GF,2021-08-03 14:00:05
286,Tual,-5.6667,132.75,81.59,77,83,19.75,ID,2021-08-03 14:03:35
287,San Jose,37.3394,-121.895,60.58,86,90,3.44,US,2021-08-03 14:03:19
288,Gallup,35.5281,-108.7426,61.56,88,1,0.0,US,2021-08-03 14:03:36
289,Kimbe,-5.5502,150.1429,74.46,91,70,4.9,PG,2021-08-03 14:03:37
290,Klaksvik,62.2266,-6.589,52.72,93,100,14.7,FO,2021-08-03 14:03:37
291,Alekseyevka,50.6309,38.6903,84.16,43,83,10.02,RU,2021-08-03 14:03:37
292,Sitka,57.0531,-135.33,54.68,80,62,5.41,US,2021-08-03 13:59:54
293,Fortuna,40.5982,-124.1573,53.92,75,90,1.01,US,2021-08-03 14:03:38
294,Touros,-5.1989,-35.4608,83.71,60,88,16.75,BR,2021-08-03 14:03:39
295,Kaitangata,-46.2817,169.8464,42.93,83,14,5.37,NZ,2021-08-03 14:03:39
296,Roma,43.2128,-75.4557,73.26,67,1,0.0,US,2021-08-03 14:03:39
297,Kadom,54.5592,42.4675,76.06,71,67,7.92,RU,2021-08-03 14:03:40
298,Hirara,24.8,125.2833,81.05,86,100,18.86,JP,2021-08-03 14:03:41
299,Aksu,41.1231,80.2644,83.48,23,9,8.72,CN,2021-08-03 14:03:41
300,Tura,25.5198,90.2201,76.96,95,100,3.15,IN,2021-08-03 14:03:41
301,Hadejia,12.4498,10.0444,90.55,45,42,7.47,NG,2021-08-03 14:03:42
302,Chumikan,54.7183,135.315,51.22,96,100,8.1,RU,2021-08-03 14:03:43
303,Novosheshminsk,55.0651,51.2338,84.97,35,40,22.41,RU,2021-08-03 14:03:43
304,Matadi,-5.8167,13.45,97.36,27,14,5.64,CD,2021-08-03 14:03:44
305,Maarianhamina,60.0973,19.9348,62.46,55,20,9.22,AX,2021-08-03 14:03:44
306,Huarmey,-10.0681,-78.1522,65.7,79,71,4.61,PE,2021-08-03 14:03:45
307,Port Lincoln,-34.7333,135.8667,53.2,75,23,15.12,AU,2021-08-03 14:03:45
308,Saint-Joseph,-21.3667,55.6167,73.76,58,2,6.26,RE,2021-08-03 14:03:46
309,San Juan Atitan,15.4333,-91.6333,63.63,75,91,0.87,GT,2021-08-03 14:03:46
310,Lorengau,-2.0226,147.2712,82.13,79,38,6.91,PG,2021-08-03 14:03:47
311,Santo Antonio Do Sudoeste,-26.0736,-53.7253,62.17,38,0,3.76,BR,2021-08-03 14:03:47
312,Brownsville,25.9018,-97.4975,84.97,86,20,1.99,US,2021-08-03 13:59:38
313,Carmen,18.6333,-91.8333,82.44,83,40,11.5,MX,2021-08-03 14:02:18
314,Teya,60.3778,92.6267,64.89,65,89,1.43,RU,2021-08-03 14:03:48
315,Ati,13.2154,18.3353,88.92,48,94,13.62,TD,2021-08-03 14:03:49
316,Rameswaram,9.2833,79.3,83.32,78,93,24.65,IN,2021-08-03 14:03:49
317,Kangaatsiaq,68.3065,-53.4641,43.99,93,100,9.17,GL,2021-08-03 14:03:49
318,Northam,51.0333,-4.2167,69.21,73,100,6.96,GB,2021-08-03 14:03:50
319,Vazante,-17.9869,-46.9078,77.83,35,47,4.34,BR,2021-08-03 14:03:51
320,Gerede,40.8008,32.1969,82.71,20,0,13.13,TR,2021-08-03 14:03:51
321,Torbay,47.6666,-52.7314,67.57,75,0,8.01,CA,2021-08-03 14:03:52
322,Karratha,-20.7377,116.8463,66.45,21,44,11.36,AU,2021-08-03 14:03:53
323,Tahoua,14.8888,5.2692,96.33,33,75,8.03,NE,2021-08-03 14:03:53
324,Liwale,-9.7667,37.9333,78.31,42,98,1.9,TZ,2021-08-03 14:03:53
325,Chulym,55.0997,80.9572,68.58,59,100,5.01,RU,2021-08-03 14:03:54
326,Koslan,63.4564,48.8989,70.75,91,100,9.13,RU,2021-08-03 14:03:54
327,Ucluelet,48.9329,-125.5528,58.95,92,1,6.17,CA,2021-08-03 14:02:13
328,Marrakesh,31.6315,-8.0083,89.67,37,0,5.75,MA,2021-08-03 14:03:28
329,Gaya,24.7833,85.0,85.95,70,100,7.67,IN,2021-08-03 14:03:55
330,Monrovia,6.3005,-10.7969,85.77,65,83,7.16,LR,2021-08-03 14:03:56
331,Wanning,18.8003,110.3967,81.19,87,100,3.74,CN,2021-08-03 14:03:57
332,Cozumel,20.5083,-86.9458,87.78,77,40,4.0,MX,2021-08-03 14:00:52
333,Hokitika,-42.7167,170.9667,39.43,78,0,8.72,NZ,2021-08-03 14:03:58
334,Porto Seguro,-16.4497,-39.0647,75.72,64,40,4.61,BR,2021-08-03 14:03:24
335,Aktau,43.65,51.2,95.58,32,86,6.67,KZ,2021-08-03 14:03:58
336,Antequera,37.0194,-4.5612,81.77,33,5,11.41,ES,2021-08-03 14:03:59
337,Eyl,7.9803,49.8164,84.15,60,62,28.39,SO,2021-08-03 14:03:59
338,Hobyo,5.3505,48.5268,80.62,71,53,28.81,SO,2021-08-03 14:04:00
339,Roald,62.5833,6.1333,66.16,55,20,11.5,NO,2021-08-03 14:04:00
340,Rongcheng,30.634,117.8517,78.57,97,27,5.06,CN,2021-08-03 14:04:01
341,Dhamtari,20.7072,81.5497,77.76,81,87,10.47,IN,2021-08-03 14:04:02
342,Beringovskiy,63.05,179.3167,46.38,94,100,12.15,RU,2021-08-03 14:04:02
343,Ko Samui,9.5357,99.9357,83.93,75,100,18.72,TH,2021-08-03 14:04:03
344,Champerico,14.3,-91.9167,87.35,78,100,3.31,GT,2021-08-03 14:04:03
345,Pingliang,35.5392,106.6861,64.76,80,100,4.99,CN,2021-08-03 14:04:04
346,Vaitape,-16.5167,-151.75,78.6,76,77,11.1,PF,2021-08-03 14:04:04
347,Vostok,46.4856,135.8833,66.94,96,84,4.0,RU,2021-08-03 14:04:05
348,Xai-Xai,-25.0519,33.6442,70.95,55,3,12.1,MZ,2021-08-03 14:04:05
349,Turukhansk,65.8167,87.9833,59.52,94,100,6.8,RU,2021-08-03 14:04:06
350,Palimbang,6.2106,124.1894,79.27,84,100,3.65,PH,2021-08-03 14:04:06
351,Mount Isa,-20.7333,139.5,60.57,25,75,13.8,AU,2021-08-03 14:01:03
352,Noumea,-22.2763,166.4572,58.98,83,8,6.38,NC,2021-08-03 14:04:07
353,Muzhi,65.3667,64.6667,68.79,66,100,5.06,RU,2021-08-03 14:04:08
354,Dingle,10.9995,122.6711,80.26,76,100,9.86,PH,2021-08-03 14:04:08
355,Slave Lake,55.2834,-114.769,64.04,79,100,2.53,CA,2021-08-03 14:02:13
356,Baloda Bazar,21.6667,82.1667,80.4,78,86,10.13,IN,2021-08-03 14:04:09
357,Honiara,-9.4333,159.95,75.52,87,34,4.09,SB,2021-08-03 14:04:09
358,Ploemeur,47.7333,-3.4333,62.82,84,90,10.36,FR,2021-08-03 14:04:10
359,Aksarka,66.5606,67.7975,69.1,59,30,8.5,RU,2021-08-03 14:04:10
360,Sayat,38.7839,63.8803,102.51,8,0,17.43,TM,2021-08-03 14:04:10
361,Yerbogachen,61.2767,108.0108,63.64,69,49,2.35,RU,2021-08-03 14:04:11
362,Saint-Francois,46.4154,3.9054,66.18,74,75,6.91,FR,2021-08-03 14:04:11
363,Kassala,15.451,36.4,84.88,57,100,14.5,SD,2021-08-03 14:04:12
364,Lloydminster,53.2835,-110.0016,68.76,43,100,7.0,CA,2021-08-03 14:00:06
365,Belyy Yar,53.6039,91.3903,69.69,88,0,4.47,RU,2021-08-03 14:04:12
366,Oksfjord,70.2396,22.3479,57.27,63,88,5.88,NO,2021-08-03 14:04:13
367,Bambanglipuro,-7.95,110.2833,76.23,89,78,9.42,ID,2021-08-03 14:04:13
368,Corn Island,12.1694,-83.0418,82.06,78,100,8.25,NI,2021-08-03 14:04:14
369,Tinskoy,56.1525,96.9161,64.0,88,39,2.33,RU,2021-08-03 14:04:14
370,Eureka,40.8021,-124.1637,54.19,94,100,2.1,US,2021-08-03 14:02:05
371,Merauke,-8.4667,140.3333,75.34,83,98,11.05,ID,2021-08-03 14:01:13
372,Sosnovo-Ozerskoye,52.5249,111.5418,53.71,76,92,7.09,RU,2021-08-03 14:04:15
373,Haines Junction,60.7522,-137.5108,54.12,95,100,3.62,CA,2021-08-03 14:04:16
374,Xunchang,28.4543,104.715,81.41,71,0,1.16,CN,2021-08-03 14:04:16
375,Kavieng,-2.5744,150.7967,81.45,79,14,6.87,PG,2021-08-03 14:04:17
376,Kilindoni,-7.9139,39.6668,76.93,72,6,14.25,TZ,2021-08-03 14:04:17
377,Saldanha,-33.0117,17.9442,61.14,75,0,9.26,ZA,2021-08-03 14:04:18
378,Bafia,4.75,11.2333,80.94,76,87,4.38,CM,2021-08-03 14:04:18
379,Kloulklubed,7.0419,134.2556,81.1,77,100,12.01,PW,2021-08-03 14:04:18
380,Puerto Vallarta,20.6204,-105.2307,80.91,89,75,1.9,MX,2021-08-03 14:00:38
381,Asandh,29.5167,76.6,90.05,61,27,4.29,IN,2021-08-03 14:04:19
382,Havre-Saint-Pierre,50.2334,-63.5986,60.57,75,65,16.93,CA,2021-08-03 14:04:19
383,Holzminden,51.828,9.4455,74.12,61,95,1.01,DE,2021-08-03 14:04:20
384,Sterling,39.0062,-77.4286,74.28,81,1,0.0,US,2021-08-03 14:04:20
385,Mahanje,-9.9333,35.3333,73.62,42,84,4.56,TZ,2021-08-03 14:04:21
386,Evans,33.5337,-82.1307,76.03,77,90,1.01,US,2021-08-03 14:03:04
387,Dapdap,12.062,125.4881,82.49,74,100,6.35,PH,2021-08-03 14:04:21
388,Zlobin,45.2924,14.6541,74.5,50,0,8.05,HR,2021-08-03 14:04:22
389,Belle Fourche,44.6714,-103.8522,76.44,39,100,5.08,US,2021-08-03 14:04:23
390,Umm Lajj,25.0213,37.2685,93.38,54,5,5.68,SA,2021-08-03 14:04:23
391,Bintulu,3.1667,113.0333,81.5,76,95,2.17,MY,2021-08-03 14:04:24
392,Samana,19.2056,-69.3369,84.42,74,40,4.61,DO,2021-08-03 14:04:24
393,Amapa,1.0,-52.0,86.34,55,50,3.42,BR,2021-08-03 14:04:25
394,Surt,31.2089,16.5887,90.52,50,0,11.14,LY,2021-08-03 14:04:25
395,La Ronge,55.1001,-105.2842,65.93,57,100,1.66,CA,2021-08-03 14:03:11
396,Wahpeton,46.2652,-96.6059,68.92,77,1,0.0,US,2021-08-03 14:04:26
397,Fort Frances,48.5999,-93.4003,64.62,74,20,3.44,CA,2021-08-03 14:02:00
398,Usogorsk,63.4106,48.6872,70.81,91,99,9.26,RU,2021-08-03 14:04:27
399,Egvekinot,66.3167,-179.1667,40.89,96,100,9.6,RU,2021-08-03 14:04:27
400,Weligama,5.9667,80.4167,79.7,85,100,11.59,LK,2021-08-03 14:04:27
401,Kenai,60.5544,-151.2583,55.09,87,48,11.86,US,2021-08-03 14:03:21
402,Nizhneangarsk,55.7833,109.55,52.41,93,100,0.69,RU,2021-08-03 14:04:28
403,Manzanillo,20.3433,-77.1167,82.81,70,93,7.67,CU,2021-08-03 14:04:29
404,Concordia,-31.393,-58.0209,55.53,60,1,4.54,AR,2021-08-03 14:00:04
405,Loudi,27.7344,111.9944,83.37,73,5,6.73,CN,2021-08-03 14:04:29
406,Pakdasht,35.4752,51.6807,91.4,18,2,4.21,IR,2021-08-03 14:04:30
407,Gidole,5.65,37.3667,65.93,50,93,4.09,ET,2021-08-03 14:04:30
408,Tlapacoyan,19.9667,-97.2167,76.86,71,100,0.6,MX,2021-08-03 14:04:30
409,Kieta,-6.2167,155.6333,78.28,85,91,3.6,PG,2021-08-03 14:04:31
410,Nuevo Progreso,23.1667,-97.95,83.46,71,75,5.1,MX,2021-08-03 14:04:31
411,Ostrovnoy,68.0531,39.5131,54.48,95,100,18.21,RU,2021-08-03 14:04:32
412,Talnakh,69.4865,88.3972,77.2,43,100,5.59,RU,2021-08-03 14:04:32
413,Corinto,37.9407,22.9573,109.02,33,10,5.7,GR,2021-08-03 14:01:45
414,Santa Vitoria Do Palmar,-33.5189,-53.3681,56.41,74,3,1.63,BR,2021-08-03 14:04:33
415,Sandy Bay,-42.913,147.3532,47.3,85,75,1.01,AU,2021-08-03 14:04:33
416,Darnah,32.767,22.6367,89.8,54,0,16.58,LY,2021-08-03 14:04:34
417,Tigzirt,36.8886,4.1198,81.28,72,65,8.5,DZ,2021-08-03 14:04:34
418,Tiznit,29.5833,-9.5,82.2,39,0,12.17,MA,2021-08-03 14:04:34
419,Lufilufi,-13.8745,-171.5986,79.61,72,58,9.31,WS,2021-08-03 14:04:35
420,Peniche,39.3558,-9.3811,84.76,66,99,14.41,PT,2021-08-03 14:04:35
421,Itaberai,-16.0203,-49.8103,81.77,30,88,7.27,BR,2021-08-03 14:04:36
422,Ulvik,60.5672,6.9187,68.09,47,87,4.65,NO,2021-08-03 14:04:36
423,Port-Gentil,-0.7193,8.7815,76.77,82,41,12.55,GA,2021-08-03 14:04:37
424,Balsas,-7.5325,-46.0356,88.36,32,32,8.5,BR,2021-08-03 14:04:37
425,Margherita,27.2833,95.6833,79.77,96,85,3.09,IN,2021-08-03 14:04:38
426,Bilma,18.6853,12.9164,105.35,15,0,11.54,NE,2021-08-03 14:04:38
427,Mersin,36.862,34.6509,96.15,46,0,11.07,TR,2021-08-03 14:04:38
428,Umarkot,25.3616,69.7362,94.93,45,100,20.62,PK,2021-08-03 14:04:39
429,Kovernino,57.1253,43.8142,72.48,80,100,4.38,RU,2021-08-03 14:04:39
430,Kibondo,-3.5864,30.7203,80.15,28,100,5.66,TZ,2021-08-03 14:04:40
431,Lokosovo,61.1333,74.8167,63.9,84,17,11.3,RU,2021-08-03 14:04:41
432,Coihaique,-45.5752,-72.0662,41.61,84,100,5.06,CL,2021-08-03 14:04:41
433,Storsteinnes,69.2408,19.2344,59.65,59,86,3.69,NO,2021-08-03 14:04:41
434,Predivinsk,57.0669,93.4378,64.13,86,41,2.15,RU,2021-08-03 14:04:42
435,Salvador,13.8333,-88.9167,73.8,87,100,1.95,SV,2021-08-03 14:04:42
436,Oum Hadjer,13.2954,19.6966,90.25,42,77,2.24,TD,2021-08-03 14:04:43
437,Bourail,-21.5667,165.4833,61.83,85,1,3.78,NC,2021-08-03 14:04:43
438,Alofi,-19.0595,-169.9187,75.34,56,93,14.45,NU,2021-08-03 14:04:44
439,Dudinka,69.4058,86.1778,74.34,52,100,8.19,RU,2021-08-03 14:04:44
440,Pacific Grove,36.6177,-121.9166,60.91,92,90,1.99,US,2021-08-03 14:04:45
441,Urucara,-2.5364,-57.76,87.76,53,82,2.66,BR,2021-08-03 14:04:45
442,Najran,17.4924,44.1277,93.67,17,100,11.52,SA,2021-08-03 14:04:46
443,Hornepayne,49.2138,-84.7705,58.3,69,98,5.64,CA,2021-08-03 14:04:46
444,Vung Tau,10.346,107.0843,82.42,78,71,19.66,VN,2021-08-03 14:04:47
445,Buala,-8.145,159.5921,78.89,84,85,4.81,SB,2021-08-03 14:04:47
446,Elko,41.0002,-115.5012,62.62,41,0,2.3,US,2021-08-03 14:04:48
447,Pulaski,34.7668,-92.3001,76.26,80,40,5.75,US,2021-08-03 14:04:48
448,Rocha,-34.4833,-54.3333,56.7,72,0,2.95,UY,2021-08-03 14:04:49
449,Farafangana,-22.8167,47.8333,70.14,75,13,13.31,MG,2021-08-03 14:04:49
450,San Pedro,14.35,121.0167,83.35,81,100,17.2,PH,2021-08-03 14:04:50
451,Margate,51.3813,1.3862,72.32,51,4,10.45,GB,2021-08-03 14:04:50
452,Kyabe,9.4515,18.9449,73.51,94,100,4.32,TD,2021-08-03 14:04:51
453,Cherskiy,68.75,161.3,35.35,93,100,19.64,RU,2021-08-03 14:04:51
454,Metro,-5.1131,105.3067,76.26,88,63,5.61,ID,2021-08-03 14:04:52
455,Upata,8.0086,-62.3989,69.94,98,100,1.9,VE,2021-08-03 14:04:52
456,Naze,28.3667,129.4833,78.51,85,75,16.84,JP,2021-08-03 14:04:53
457,Gao,16.6362,1.637,99.59,24,91,5.68,ML,2021-08-03 14:02:14
458,Camacha,33.0833,-16.3333,74.16,64,75,12.66,PT,2021-08-03 14:04:54
459,Asau,46.4333,26.4,79.72,57,74,2.51,RO,2021-08-03 14:04:54
460,Beyla,8.6833,-8.6333,83.75,56,30,2.08,GN,2021-08-03 14:04:55
461,Ilhabela,-23.7781,-45.3581,64.76,82,58,7.54,BR,2021-08-03 14:04:55
462,Basco,20.4487,121.9702,83.43,86,100,27.67,PH,2021-08-03 14:04:56
463,Gwadar,25.1216,62.3254,81.79,81,12,14.52,PK,2021-08-03 14:04:56
464,Sabha,27.0377,14.4283,105.73,7,0,9.46,LY,2021-08-03 14:04:57
465,Nakapiripirit,1.9167,34.7833,77.52,51,89,4.45,UG,2021-08-03 14:04:57
466,Sur,22.5667,59.5289,98.22,43,2,4.81,OM,2021-08-03 14:04:58
467,La Crosse,43.8014,-91.2396,66.56,86,1,0.0,US,2021-08-03 14:02:18
468,San Miguel,13.4833,-88.1833,80.2,86,0,0.0,SV,2021-08-03 14:04:59
469,Te Anau,-45.4167,167.7167,33.22,94,21,0.98,NZ,2021-08-03 14:04:59
470,Henties Bay,-22.116,14.2845,62.85,78,23,12.17,NA,2021-08-03 14:04:59
471,Dunedin,-45.8742,170.5036,41.81,74,6,1.99,NZ,2021-08-03 14:05:00
472,Tongliao,43.6125,122.2653,63.03,91,11,7.4,CN,2021-08-03 14:05:01
473,Samarai,-10.6167,150.6667,79.29,77,100,10.02,PG,2021-08-03 14:05:01
474,Pafos,34.7667,32.4167,101.23,59,20,6.91,CY,2021-08-03 14:05:03
475,Ndioum,16.5129,-14.6471,93.63,45,90,12.08,SN,2021-08-03 14:05:04
476,Beloha,-25.1667,45.05,65.08,65,92,13.51,MG,2021-08-03 14:05:05
477,Maan,5.9339,124.7356,79.81,85,88,4.63,PH,2021-08-03 14:05:05
478,Lyngseidet,69.5763,20.2189,57.47,61,60,4.59,NO,2021-08-03 14:05:06
479,North Myrtle Beach,33.816,-78.68,80.04,96,90,10.36,US,2021-08-03 14:05:06
480,Urucurituba,-2.6833,-57.6667,88.0,52,81,2.75,BR,2021-08-03 14:05:07
481,Honningsvag,70.9821,25.9704,49.75,76,20,11.5,NO,2021-08-03 14:05:07
482,Trapani,37.8333,12.6667,101.28,27,26,8.66,IT,2021-08-03 14:05:08
483,Saint-Pierre,-21.3393,55.4781,74.84,53,0,6.91,RE,2021-08-03 14:05:08
484,Makakilo City,21.3469,-158.0858,75.52,67,75,9.22,US,2021-08-03 14:05:09
485,Vysokogornyy,50.1167,139.15,58.44,96,42,3.11,RU,2021-08-03 14:05:09
486,Srednekolymsk,67.45,153.6833,39.99,63,95,12.03,RU,2021-08-03 14:05:10
487,Bandarbeyla,9.4942,50.8122,81.36,66,51,32.12,SO,2021-08-03 14:05:10
488,Waipawa,-41.4122,175.5153,47.03,71,100,22.39,NZ,2021-08-03 14:05:11
489,Sabla,12.7525,4.7077,90.46,50,99,8.79,NG,2021-08-03 14:05:11
490,Nishihara,26.1842,127.7558,82.06,83,75,11.5,JP,2021-08-03 14:05:12
491,Gornopravdinsk,60.05,69.9,62.56,80,57,5.48,RU,2021-08-03 14:05:12
492,Paralimni,35.0375,33.9833,104.49,71,0,3.0,CY,2021-08-03 14:05:13
493,Seoul,37.5683,126.9778,81.84,84,99,1.68,KR,2021-08-03 14:05:13
494,Saint-Denis,48.9167,2.3333,70.48,66,75,6.91,FR,2021-08-03 14:05:14
495,Jiexiu,37.0244,111.9125,77.43,68,100,7.87,CN,2021-08-03 14:05:05
496,Lucea,18.451,-78.1736,85.86,76,100,8.08,JM,2021-08-03 14:05:14
497,Tara,56.8944,74.371,58.84,89,100,4.41,RU,2021-08-03 14:05:15
498,Tenenkou,14.4572,-4.9169,95.79,36,99,6.15,ML,2021-08-03 14:05:15
499,Bedele,8.456,36.353,59.43,91,100,1.45,ET,2021-08-03 14:05:16
500,Lexington Park,38.2668,-76.4538,74.88,81,90,6.91,US,2021-08-03 14:05:16
501,Bargarh,21.3333,83.6167,79.25,83,100,4.18,IN,2021-08-03 14:05:17
502,Tougan,13.0667,-3.0667,92.48,42,100,5.88,BF,2021-08-03 14:05:17
503,Buhe,30.2876,112.2298,81.91,80,4,7.61,CN,2021-08-03 14:05:18
504,Banfora,10.6333,-4.7667,88.0,55,66,4.61,BF,2021-08-03 14:05:19
505,Solnechnyy,50.7214,136.6319,55.98,92,98,5.44,RU,2021-08-03 14:05:20
506,Newtownards,54.5924,-5.6909,66.94,78,75,1.01,GB,2021-08-03 14:05:20
507,Alice Springs,-23.7,133.8833,44.15,57,0,4.61,AU,2021-08-03 14:03:18
508,Tyukhtet,56.5389,89.3011,62.94,91,45,1.88,RU,2021-08-03 14:05:21
509,Chernushka,56.5072,56.0766,87.28,44,23,0.83,RU,2021-08-03 14:05:22
510,Tigil,57.8,158.6667,36.88,87,8,3.42,RU,2021-08-03 14:05:22
511,Chico,39.7285,-121.8375,71.69,48,40,1.01,US,2021-08-03 14:03:20
512,Deputatskiy,69.3,139.9,40.59,63,53,6.26,RU,2021-08-03 14:05:23
513,Araguacu,-12.9306,-49.8264,87.76,20,9,7.74,BR,2021-08-03 14:05:24
514,Abu Samrah,35.3029,37.1841,105.04,10,0,8.25,SY,2021-08-03 14:05:24
515,Vardo,70.3705,31.1107,52.0,87,0,17.27,NO,2021-08-03 14:05:25
516,Miri,4.4148,114.0089,80.76,79,100,1.74,MY,2021-08-03 14:05:25
517,Hualmay,-11.0964,-77.6139,64.31,80,62,3.04,PE,2021-08-03 14:05:26
518,Chateauroux,46.8167,1.7,62.6,82,90,6.91,FR,2021-08-03 14:05:26
519,Lavrentiya,65.5833,-171.0,47.1,98,100,9.22,RU,2021-08-03 14:05:27
520,Cortes,41.9395,-1.4396,89.04,25,64,4.43,ES,2021-08-03 14:05:28
521,Nkhotakota,-12.9274,34.2961,76.98,34,0,8.55,MW,2021-08-03 14:05:28
522,Pa Daet,19.5049,99.9924,75.16,95,100,5.55,TH,2021-08-03 14:05:29
523,Voineasa,44.2833,24.1333,93.34,17,0,14.97,RO,2021-08-03 14:05:30
524,Nanakuli,21.3906,-158.1547,76.95,68,75,9.22,US,2021-08-03 14:05:30
525,Bartica,6.4,-58.6167,80.92,87,80,0.34,GY,2021-08-03 14:05:31
526,Para De Minas,-19.8603,-44.6083,76.66,36,69,2.21,BR,2021-08-03 14:05:01
527,Ouadda,8.0777,22.4007,78.01,77,70,6.55,CF,2021-08-03 14:05:32
528,Sheboygan,43.7333,-87.9334,73.18,65,1,5.75,US,2021-08-03 14:05:32
529,Boa Vista,2.8197,-60.6733,82.38,69,40,3.44,BR,2021-08-03 14:05:33
530,Tocopilla,-22.092,-70.1979,66.47,60,0,5.12,CL,2021-08-03 14:05:33
531,Caravelas,-17.7125,-39.2481,71.24,76,96,3.8,BR,2021-08-03 14:05:34
532,Dwarka,22.2394,68.9678,82.8,82,99,20.02,IN,2021-08-03 14:05:34
533,Billerbeck,51.9667,7.3,67.35,66,100,3.13,DE,2021-08-03 14:05:35
534,Beberibe,-4.1797,-38.1306,86.16,50,36,10.25,BR,2021-08-03 14:05:35
535,Hasaki,35.7333,140.8333,79.29,89,35,11.23,JP,2021-08-03 14:05:36
536,Santa Cruz,-17.8,-63.1667,74.66,38,75,16.11,BO,2021-08-03 14:05:36
537,Halifax,44.6453,-63.5724,73.53,68,0,1.01,CA,2021-08-03 14:03:57
538,Presque Isle,46.6811,-68.0159,71.85,64,1,1.99,US,2021-08-03 14:05:37
539,Vila Velha,-20.3297,-40.2925,68.95,64,26,5.32,BR,2021-08-03 14:01:04
540,Freetown,8.484,-13.2299,80.91,67,70,9.33,SL,2021-08-03 14:05:38
541,Havelock,34.8791,-76.9013,80.55,90,100,1.99,US,2021-08-03 14:05:38
542,Zaysan,47.4667,84.8667,74.91,33,0,5.39,KZ,2021-08-03 14:05:39
543,Tambo Grande,-4.9269,-80.3447,70.09,67,28,3.24,PE,2021-08-03 14:05:39
544,Chiang Khong,20.2613,100.4046,74.32,98,96,0.85,TH,2021-08-03 14:05:40
545,Komsomolskiy,40.4272,71.7189,93.92,20,100,6.91,UZ,2021-08-03 14:05:40
546,Katima Mulilo,-17.5,24.2667,83.19,15,19,6.44,NA,2021-08-03 14:05:41
547,Guerrero Negro,27.9769,-114.0611,73.36,73,80,2.91,MX,2021-08-03 14:05:42
